{"vencedor":"X","data":"2025-02-21T01:03:04.138"}
{"vencedor":"X","data":"2025-02-21T01:03:24.658"}
{"vencedor":"X","data":"2025-02-21T01:03:31.666"}
{"vencedor":"X","data":"2025-02-21T01:03:47.010"}
{"vencedor":"X","data":"2025-02-21T01:03:54.986"}
{"vencedor":"X","data":"2025-02-21T01:04:05.208"}
{"vencedor":"X","data":"2025-02-21T01:05:26.565"}
{"vencedor":"O","data":"2025-02-21T01:20:19.163"}
{"vencedor":"X","data":"2025-02-21T01:23:22.259"}
{"vencedor":"O","data":"2025-02-21T01:29:18.202"}
